Cirurgia_colu;Alg.e9.sicos;Dor_costas;Dor_pers;Livrar_costas;D30;Tempo_dor_costas;Tempo_dor_pers;Andar_velocidade;Dor_costas_VAS;Dor_pers_VAS;Oswestry1_v1;SF12_M1_4_v1
1;0;0;0;;0;0;0;4;0;0;1;5
1;1;1;0;;0;3;0;4;6;0;1;5
;1;1;1;1;1;4;4;1;10;10;5;2
;1;1;0;1;1;4;0;1;4;0;3;2
0;1;1;0;1;0;4;0;4;7;0;3;4
1;0;0;0;;0;1;0;4;0;0;1;5
1;1;1;0;1;1;2;0;4;2;0;2;1
;1;1;0;1;1;4;0;2;5;0;3;3
0;;1;0;;0;0;0;1;3;0;1;3
1;1;0;0;;0;3;0;1;0;0;2;4
;1;1;1;1;1;4;4;1;8;7;3;1
;1;1;1;1;1;4;4;1;1;10;5;1
;1;0;0;1;0;3;3;1;0;0;1;2
;1;1;1;1;0;3;3;3;6;7;1;5
0;0;0;0;;0;0;0;4;0;0;1;5
1;0;1;0;1;1;4;0;2;6;0;3;1
1;1;1;0;1;0;4;0;3;8;0;3;1
1;1;0;1;1;1;2;0;1;0;7;3;2
1;1;1;0;1;0;2;0;4;8;0;1;5
1;0;0;0;;0;0;0;4;0;0;1;5
1;0;0;0;;0;0;0;4;0;0;1;5
1;0;0;0;;0;0;0;4;0;0;1;5
1;0;0;0;;0;0;0;4;0;0;1;5
1;1;1;1;1;0;3;3;3;7;8;3;1
1;0;0;0;;0;0;0;4;0;0;1;5
1;1;1;1;1;1;2;2;2;6;7;3;2
1;0;0;1;;0;0;4;3;0;5;1;5
1;1;1;1;1;1;3;3;2;8;8;3;3
;0;0;0;;0;0;0;4;0;0;1;5
;1;1;0;1;0;3;0;3;7;0;1;2
0;1;1;0;;0;2;0;4;6;0;2;2
1;0;1;0;;0;0;0;4;4;0;1;3
1;1;0;1;0;0;0;0;3;0;6;2;3
;1;1;1;1;1;2;2;2;8;8;3;3
0;0;0;0;;0;0;0;4;0;0;1;3
;0;1;0;1;0;0;2;3;3;0;3;4
;1;1;1;1;1;2;2;2;8;8;3;2
;0;0;0;;0;0;0;4;0;0;1;5
;0;1;1;1;0;4;4;4;10;5;3;3
;1;1;1;1;1;4;4;3;6;6;3;2
;0;0;1;0;0;4;4;2;0;8;4;4
0;0;0;0;;0;0;0;4;0;0;1;5
1;1;1;1;1;1;4;4;1;7;7;1;1
1;1;1;1;1;0;2;2;2;4;7;1;5
1;1;1;1;1;1;2;2;2;2;2;1;5
1;0;0;1;0;0;2;2;2;0;10;2;3
1;1;1;1;1;1;4;4;2;6;6;2;3
;;;;;0;;;;;;;
0;1;1;0;1;0;3;0;1;8;0;3;2
1;0;1;0;1;0;1;1;2;2;0;2;3
1;1;1;1;0;1;4;4;2;7;8;2;3
0;0;1;0;1;0;4;0;2;7;0;2;3
1;1;1;1;0;1;4;4;3;10;10;5;1
0;1;1;0;1;0;2;2;3;7;0;2;3
0;0;;;;0;2;0;3;;;2;3
1;1;1;0;1;1;2;0;2;5;0;2;3
0;0;0;1;0;1;4;4;1;0;7;2;3
0;1;0;0;;0;1;1;4;0;0;1;5
0;0;0;0;;0;0;0;4;0;0;1;5
0;1;1;0;1;0;4;4;2;6;0;1;5
0;0;1;0;1;0;2;0;2;2;0;1;5
0;0;;;;0;0;0;2;;;;
0;0;1;1;1;1;2;2;2;10;10;1;5
1;1;1;0;1;1;3;3;4;2;0;1;5
0;;;;;0;;;;;;;
1;1;1;1;1;1;2;2;2;5;5;2;3
0;1;1;1;1;1;3;3;1;9;10;2;3
1;0;1;1;1;1;4;4;1;8;8;2;3
1;0;1;1;1;1;4;4;3;2;1;1;5
0;1;1;0;1;1;2;2;1;1;0;1;5
1;0;1;1;1;1;2;2;3;1;1;1;5
0;0;1;0;1;0;2;0;1;3;0;;
0;1;0;0;1;1;4;4;2;0;0;1;5
0;0;0;0;1;1;1;1;4;0;0;1;5
1;1;0;0;1;0;4;4;4;0;0;1;5
0;0;1;1;1;0;2;1;2;3;3;1;5
0;1;1;1;1;1;4;4;2;6;5;2;3
1;1;1;1;1;1;4;4;1;4;4;2;3
0;1;1;0;1;1;2;2;2;6;0;2;3
1;1;1;1;1;1;2;2;1;4;5;2;3
0;0;1;0;1;1;2;0;4;10;0;1;5
0;1;1;0;1;0;2;0;2;5;0;2;3
0;0;1;0;1;0;2;0;4;1;0;2;3
0;1;1;0;1;0;4;0;1;8;0;2;3
0;1;1;0;1;1;4;4;2;6;0;1;5
1;0;0;0;;0;0;0;4;0;0;1;5
1;0;0;0;1;0;3;0;1;0;0;1;5
0;0;1;0;1;1;4;1;2;4;0;2;3
;;;;;0;;;;;;1;5
0;1;1;0;1;0;2;0;2;8;0;1;5
1;1;1;0;1;1;4;4;2;3;0;2;3
0;0;0;0;;0;0;0;4;0;0;1;5
0;1;1;0;1;1;2;0;2;6;0;1;5
1;1;1;1;1;0;4;4;2;6;6;2;3
0;1;1;1;1;0;2;2;2;6;5;2;1
0;1;1;1;1;0;2;2;2;7;7;3;3
0;1;1;0;1;0;4;0;1;6;0;2;3
1;1;1;1;1;0;4;4;2;6;6;1;5
0;1;1;0;1;0;4;0;2;4;0;1;5
0;1;0;0;;0;0;0;0;0;0;1;4
0;1;1;1;1;0;2;2;1;10;10;5;1
1;1;1;0;1;0;4;4;3;5;0;5;1
1;1;0;1;0;0;4;2;1;0;8;1;5
0;1;1;1;0;1;3;3;1;2;7;5;2
1;1;1;0;1;1;4;0;4;7;0;5;1
0;1;1;1;1;1;4;4;3;4;4;5;1
0;1;1;1;1;1;4;4;3;7;5;5;1
0;;;;;0;;;;;;1;5
1;1;1;1;1;1;4;4;2;10;9;5;1
0;1;1;1;0;1;4;4;2;8;8;1;2
1;1;0;0;;0;4;4;4;0;0;1;5
0;1;1;1;0;1;4;4;2;7;10;1;2
0;1;0;1;0;1;3;3;2;0;3;1;2
0;1;1;1;1;1;4;4;2;10;8;1;2
0;1;;;1;1;4;4;1;;;2;2
1;1;1;1;1;1;3;3;1;8;6;2;2
0;;;;;0;;;;;;2;5
0;1;1;0;1;1;4;0;1;7;0;2;2
1;1;1;1;0;1;4;4;1;10;10;2;2
0;1;1;0;1;0;4;4;4;3;0;1;2
1;1;1;0;1;1;4;0;;7;0;;
0;1;1;1;;1;2;2;1;8;8;2;2
0;1;1;1;1;1;4;4;3;8;7;2;4
1;1;1;1;1;1;4;4;1;10;8;2;2
1;1;1;0;1;1;4;0;2;10;0;2;3
0;1;1;1;0;1;2;2;2;8;9;1;2
0;1;1;1;1;1;1;0;;4;5;2;4
0;1;0;0;;0;0;0;4;0;0;1;5
0;1;1;1;1;1;4;0;2;8;8;2;2
1;1;1;0;1;1;4;4;0;3;0;2;2
0;0;1;0;1;0;2;0;3;8;0;1;2
0;1;1;0;0;1;2;2;2;7;0;2;2
1;1;0;0;;0;4;4;2;0;0;1;5
0;0;0;0;;0;2;2;4;0;0;1;5
0;1;0;;;0;0;4;2;0;;;
1;0;0;0;1;0;1;1;1;0;0;;
0;1;1;1;;;2;4;;6;3;2;4
;;;;;;;;;;;3;1
;;;;;;;;;;;5;1
0;1;0;0;;;;;;0;0;1;2
0;1;1;0;1;;4;0;;9;0;1;5
1;1;1;0;1;;;;;;0;1;5
1;1;1;1;1;;;;;4;6;3;1
0;1;0;0;;;;;;0;0;3;1
0;0;0;0;;;;;;0;0;2;2
1;1;0;0;;;;;;;0;2;4
1;1;0;0;;;;;;;0;2;2
0;0;0;0;;;;;;;0;2;3
0;1;0;0;;;;;;;0;1;2
0;1;0;0;;;;;;;0;2;4
0;1;0;0;;;;;;;0;1;5
0;;0;0;;;;;;;0;2;2
0;1;0;0;;;;;;;0;2;2
0;1;0;0;;;;;;;0;5;1
0;1;1;0;;;;;;;0;5;1
0;1;1;1;;;;;;;;1;5
0;1;1;0;;;;;;;0;5;1
0;1;0;1;;;;;;;;1;2
0;0;1;0;;;;;;;0;1;5
0;1;0;0;;;;;;0;0;1;2
0;0;1;0;1;;;;;;;1;2
0;1;0;0;;;;;;0;0;1;2
0;1;0;0;;;;;;0;0;2;2
1;0;1;0;;;;;;;0;2;3
1;1;0;0;;;;;;0;0;2;3
1;1;1;0;1;;;;;;0;2;3
1;1;0;1;1;;;;;0;5;1;5
0;1;0;0;;;;;;0;0;2;3
0;1;0;0;;;;;;0;0;2;3
0;0;0;0;;;;;;0;0;2;3
0;0;0;0;;;;;;0;0;1;5
1;0;1;0;;;4;;;;0;1;5
0;0;0;0;;;;;;0;0;1;5
0;1;1;0;1;;;;;;0;3;1
0;1;1;0;1;;;;3;;0;3;1
0;0;0;0;;;;;;0;0;2;2
1;;;;;;;;;;;2;4
0;0;1;0;1;;;;3;;0;2;2
0;0;0;0;;;;;;0;0;2;3
1;0;0;0;;;;;3;0;0;1;2
0;1;0;0;;;;;;0;0;2;4
1;0;0;0;;;;;;0;0;1;5
0;1;0;0;1;;;;;3;0;2;2
0;1;0;0;;;;;;0;0;2;2
0;0;0;0;;;;;;0;0;5;1
1;1;0;0;;;;;;0;0;5;1
1;1;1;1;;;;;;7;8;1;5
1;1;1;1;;;;;;5;7;5;1
0;0;0;0;0;;;;;0;0;1;2
0;0;0;0;;;;;;0;0;2;3
0;0;0;0;;;;;;0;0;2;3
0;0;0;0;;;;;;0;0;1;5
1;0;0;0;;;;;;0;0;1;5
0;0;0;0;;;;;;0;0;1;5
0;0;0;0;;;;;3;0;0;;
1;;;;;;;;;;;1;5
;;;;;;;;;;;1;5
;;;;;;;;;;;1;5
;;;;;;;;;;;1;5
;;;;;;;;;;;2;3
;;;;;;;;;;;2;3
;1;;1;;;;2;;;5;2;3
0;0;;;;;;;;;;2;3
1;1;1;;1;;;;;;7;1;5
;;1;1;1;;;;2;6;6;2;3
0;1;1;0;1;;2;0;4;7;0;2;3
0;;1;0;1;;;;;10;0;2;3
1;1;1;0;1;;4;0;;;0;1;5
1;1;1;0;1;;4;0;;7;0;1;5
1;1;1;0;1;;;;;4;0;1;5
1;;1;;0;;;;;8;;2;3
0;1;1;0;;;;;;4;0;1;5
0;1;0;0;;;;;;0;0;1;5
0;1;;;;;;;;;;2;4
0;0;1;0;1;;4;0;;;0;2;2
0;1;1;0;1;;4;0;;5;0;2;3
1;1;;;;;;;;;;1;2
0;;1;0;1;;;;;8;0;2;4
0;;;;;;;;;;;1;5
0;1;1;0;1;;;;;6;0;2;2
0;1;0;0;;;;;;0;0;2;2
0;1;1;0;1;;;;;6;0;5;1
1;0;;;;;;;;;;5;1
0;1;;;;;;;;;;1;5
0;;;;;;;;;;;5;1
0;1;1;;;;4;;;;;1;2
0;1;1;0;;;;;;2;0;1;5
0;;;;;;4;4;;;;1;2
0;1;;;;;;;;;;1;2
0;1;;;;;;;;;;1;5
0;1;;;;;;;;;;3;1
0;;1;0;1;;;;;8;0;1;5
0;1;1;1;1;;;;;10;10;3;2
0;;;;;;;;;;;1;5
0;1;;;;;;;;;;3;3
0;1;;;;;4;4;;;;1;5
0;1;;;;;;;;;;1;2
0;1;1;0;1;;;;;9;0;2;2
0;1;1;0;1;;;;;9;0;1;3
0;0;0;0;;;;;;0;0;2;3
