Fuma;Aposentado;Desempregado;Licenca_Medica;Aposentado_Invalidez;Alg.e9.sicos;OutraDoenca;Dor_costas;Dor_pers;Retorr_trabalho;Masc;Fem;Casado_Amasiado;Solteiro;Separado_Divorciado;X4;X5;X6;D1;D15;D16;D17;D18;D19;D2;D20;D21;D22;D23;D24;D25;D26;D27;D28;D29;D3;D30;D31;D32;D33;D34;D35;D36;D37;D38;D39;D4;D40;D41;D42;D43;D44;D45;D46;D47;D48;D49;D5;D50;D51;D52;D53;D9;RMDQ1_v1;RMDQ2_v1;RMDQ3_v1;RMDQ4_v1;RMDQ5_v1;RMDQ6_v1;RMDQ7_v1;RMDQ8_v1;RMDQ9_v1;RMDQ10_v1;RMDQ11_v1;RMDQ12_v1;RMDQ13_v1;RMDQ14_v1;RMDQ15_v1;RMDQ16_v1;RMDQ17_v1;RMDQ18_v1;RMDQ19_v1;RMDQ20_v1;RMDQ21_v1;RMDQ22_v1;RMDQ23_v1;RMDQ24_v1;DN4_1a_v1;DN4_1b_v1;DN4_1c_v1;DN4_2a_v1;DN4_2b_v1;DN4_2c_v1;DN4_2d_v1;DN4_3a_v1;DN4_3b_v1;DN4_4_v1;Trabalho_Cansativo;Tempo_dor_costas;Tempo_dor_pers;Andar_velocidade;Dor_costas_VAS;Dor_pers_VAS;IDADE;BPI_3_v1;BPI_4_v1;BPI_5_v1;BPI_6_v1;Oswestry1_v1;Oswestry2_v1;Oswestry3_v1;Oswestry4_v1;Oswestry5_v1;Oswestry6_v1;Oswestry7_v1;Oswestry8_v1;Oswestry9_v1;Oswestry10_v1;Somatoria_Owestry;SF12_M1_1_v1;SF12_M1_2_v1;SF12_M1_3_v1;SF12_M1_4_v1;SF12_M1_5_v1;SF12_M1_6_v1;SF12_M1_7_v1;SF12_M1_8_v1;SF12_M1_9_v1;SF12_M1_10_v1;SF12_M1_11_v1;SF12_M1_12_v1
1;0;1;0;1;1;1;1;1;1;1;0;0;1;0;0;0;0;0;0;0;0;1;1;1;0;0;0;0;1;0;0;0;0;0;1;1;0;0;0;0;0;0;0;0;0;1;0;0;0;0;0;0;1;1;0;0;0;0;0;0;0;0;1;1;1;0;1;1;1;0;1;1;1;1;1;1;1;1;1;1;1;1;1;1;1;1;1;0;1;0;1;0;0;1;1;1;0;4;4;1;8;7;51;8;4;5;8;3;3;3;3;3;3;3;2;3;3;58;4;1;1;1;1;1;1;4;2;3;2;2
1;0;0;1;1;1;0;1;1;1;1;0;0;1;0;0;0;0;0;0;1;0;0;0;0;0;0;0;0;0;0;0;1;0;1;0;1;0;1;0;0;0;0;1;0;0;0;0;0;0;0;1;0;0;0;0;0;0;0;0;0;0;0;1;1;1;0;1;1;1;0;1;1;1;1;1;1;1;1;1;1;1;1;1;1;1;1;1;0;1;1;1;1;0;0;0;0;0;4;4;1;1;10;42;10;10;10;1;5;4;6;6;5;5;4;5;5;5;100;5;1;1;1;1;1;1;4;2;2;2;2
1;0;0;0;0;1;0;1;1;0;1;0;0;1;0;0;0;0;0;0;1;1;1;1;0;0;1;0;0;1;0;0;0;0;0;0;0;0;1;0;0;0;0;1;0;1;0;0;0;0;0;0;0;1;0;0;0;0;0;0;0;0;0;0;1;1;0;1;0;1;0;0;0;0;0;0;0;0;0;0;0;0;0;0;0;0;0;1;0;1;0;1;0;0;0;0;0;4;3;3;3;6;7;56;9;7;7;6;1;1;1;1;1;1;1;1;1;1;20;1;3;3;5;5;5;5;1;5;5;5;5
1;1;0;0;0;0;1;1;0;1;1;0;0;1;0;0;0;0;0;0;0;0;0;0;0;0;0;0;0;0;0;0;1;1;1;0;1;1;0;0;0;0;0;0;0;0;0;0;0;0;0;0;0;0;0;0;0;0;0;0;0;0;0;0;0;1;1;1;1;1;1;1;1;1;1;1;1;0;1;1;1;1;1;1;1;1;1;0;0;0;0;1;1;0;0;0;0;0;4;0;2;6;0;78;7;2;4;6;3;4;2;5;2;3;3;3;2;1;56;3;1;1;1;1;2;1;3;2;3;3;3
1;1;0;0;0;1;1;1;0;0;1;0;0;1;0;0;0;0;0;0;0;0;1;0;0;0;0;0;0;0;0;0;0;0;0;0;0;0;0;0;0;0;0;0;0;0;0;0;0;0;0;0;0;0;0;0;0;0;0;0;0;0;0;1;1;1;1;1;1;1;1;1;1;1;1;1;1;1;1;1;1;1;1;1;1;1;1;0;0;0;0;1;0;0;0;0;0;0;4;0;3;8;0;69;10;3;8;8;3;3;3;3;3;3;3;3;3;3;60;5;1;1;1;1;1;1;4;3;3;2;2
1;1;0;0;1;1;1;0;1;1;1;0;0;0;0;0;0;1;0;0;1;0;0;0;0;0;0;0;0;0;0;0;0;0;1;0;1;0;1;0;0;0;0;1;0;1;0;0;1;0;0;0;0;1;0;1;0;0;0;0;0;0;0;1;0;0;0;1;1;1;0;1;1;1;1;1;0;0;0;0;0;1;1;1;1;1;1;0;0;0;0;1;1;1;0;0;0;0;2;0;1;0;7;61;10;2;8;0;3;3;3;2;3;2;2;2;2;3;50;4;2;2;2;3;3;3;2;4;4;4;4
1;1;1;1;0;1;0;1;1;0;1;0;0;1;0;0;0;0;0;1;1;0;0;0;1;0;0;0;0;0;0;0;0;0;0;0;0;0;0;0;1;1;0;1;0;0;1;0;0;0;0;0;0;0;0;0;0;1;0;1;0;0;1;1;1;1;0;1;1;1;0;1;1;1;1;1;1;1;1;1;1;1;1;1;1;1;1;1;0;1;1;1;1;1;1;1;1;0;3;3;3;7;8;39;6;5;6;7;3;4;2;5;2;3;3;3;2;1;56;5;1;1;1;1;1;1;4;2;2;2;2
1;0;0;0;0;0;0;0;0;0;0;1;1;0;0;0;0;0;0;0;0;0;0;0;0;0;0;0;0;0;0;0;0;0;0;0;0;0;0;0;0;0;0;0;0;0;0;0;0;0;0;0;0;0;0;0;0;0;0;0;0;0;0;0;0;0;0;0;0;0;0;0;0;0;0;0;0;0;0;0;0;0;0;0;0;0;0;0;0;0;0;0;0;0;0;0;0;3;0;0;4;0;0;31;0;0;0;0;1;1;2;1;2;2;1;1;1;1;26;2;3;3;5;5;5;5;1;5;5;5;5
;0;0;1;0;1;0;1;1;0;1;0;0;1;0;0;0;0;0;1;0;1;1;0;0;0;0;0;0;0;0;0;0;0;1;0;1;1;0;0;0;0;1;1;0;0;0;1;1;0;0;0;0;0;0;0;0;0;0;0;0;0;0;0;0;0;0;0;0;0;0;0;0;0;0;0;0;0;0;0;0;0;0;0;0;0;0;1;0;1;0;1;0;0;0;0;0;0;2;2;2;6;7;69;9;4;3;6;3;2;2;2;3;3;3;1;2;2;46;4;2;2;2;3;3;3;1;4;4;4;4
0;1;0;1;0;0;1;0;1;0;1;0;0;0;0;0;0;1;0;0;0;0;0;0;0;0;0;0;0;0;0;0;0;0;0;0;0;0;0;0;0;0;0;0;0;0;0;0;0;0;0;1;0;1;0;1;0;0;0;0;0;0;0;0;0;0;0;0;0;0;0;0;0;0;0;0;0;0;0;0;0;0;0;0;0;0;0;1;0;1;1;1;0;1;0;0;0;0;0;4;3;0;5;81;10;5;5;0;1;1;1;1;1;1;1;1;1;1;20;1;3;3;5;5;5;5;1;5;5;5;5
1;1;0;1;0;1;0;1;1;0;1;0;1;0;0;0;0;0;0;0;0;0;0;0;0;0;0;0;0;0;0;0;0;0;1;0;1;1;1;0;0;0;0;0;0;0;0;0;0;0;0;1;0;0;0;0;0;0;0;0;0;0;0;0;0;0;0;0;0;0;0;0;0;0;0;0;0;0;0;0;0;0;0;0;0;0;0;1;0;1;0;1;0;0;0;0;0;0;3;3;2;8;8;35;10;5;5;8;3;2;2;2;2;2;2;2;2;2;42;2;2;2;3;4;4;3;3;4;4;4;4
1;0;0;1;0;0;0;0;0;0;0;1;0;1;0;0;0;0;0;0;0;0;0;0;0;0;0;0;0;0;0;0;0;0;0;0;0;0;0;0;0;0;0;0;0;0;0;0;0;0;0;0;0;0;0;0;0;0;0;0;0;0;0;0;0;0;0;0;0;0;0;0;0;0;0;0;0;0;0;0;0;0;0;0;0;0;0;0;0;0;0;0;0;0;0;0;0;0;0;0;4;0;0;48;0;0;0;0;1;1;2;2;2;2;2;2;2;2;36;1;3;3;5;5;5;5;1;5;5;5;5
1;0;0;0;0;1;0;1;0;0;1;0;0;0;0;1;0;0;0;0;0;1;1;0;1;0;0;0;0;0;0;0;0;0;0;0;0;0;0;0;0;0;0;0;0;0;0;0;0;0;0;0;0;0;0;0;0;0;0;0;0;0;0;0;0;0;0;0;0;0;0;0;0;0;0;0;0;0;0;0;0;0;0;0;0;0;0;1;0;0;1;1;0;0;0;0;0;2;3;0;3;7;0;57;7;0;2;0;1;2;2;2;2;2;2;2;2;1;36;4;1;2;2;2;2;2;2;4;4;4;4
1;0;0;0;0;1;1;1;0;0;1;0;0;0;0;1;0;0;0;0;0;0;0;1;1;0;0;0;0;0;0;0;0;0;0;1;0;0;0;0;0;0;0;0;0;0;1;0;0;0;0;0;0;0;0;0;0;0;0;0;0;0;0;0;0;0;0;0;0;0;0;0;0;0;0;0;0;0;0;0;0;0;0;0;0;0;0;1;0;1;0;1;1;1;0;0;0;2;2;0;4;6;0;60;10;10;10;0;2;2;2;2;2;2;2;2;2;1;38;4;1;3;2;2;2;2;2;4;4;4;4
1;0;1;1;0;0;0;1;0;0;1;0;1;0;0;0;0;0;0;1;0;1;1;0;0;0;0;0;0;0;0;0;0;0;1;0;0;0;0;0;0;0;1;1;0;0;0;1;1;0;0;0;0;0;0;0;0;0;0;0;0;0;0;0;0;0;0;0;0;0;0;0;0;0;0;0;0;0;0;0;0;0;0;0;0;0;0;0;0;0;0;0;0;0;0;0;0;0;0;0;4;4;0;32;4;6;4;0;1;1;2;1;2;2;1;1;1;1;26;2;3;3;3;3;5;5;1;5;2;5;5
1;0;0;1;0;1;0;0;1;0;1;0;0;1;0;0;0;0;0;0;0;0;0;0;0;0;0;0;0;0;0;0;0;0;0;0;0;0;0;0;0;0;1;1;1;1;0;1;1;0;0;1;1;1;1;0;0;0;0;0;0;0;0;0;0;0;0;0;0;0;0;0;0;0;0;0;0;0;0;0;0;0;0;0;0;0;0;1;0;0;0;1;0;0;0;0;0;0;0;0;3;0;6;42;6;6;6;0;2;1;2;1;2;2;4;1;1;1;34;2;2;2;3;3;2;3;2;3;2;3;4
;0;0;0;0;1;1;1;1;0;0;1;0;1;0;0;0;0;0;0;0;0;0;0;0;0;0;0;0;0;0;0;0;0;0;0;1;0;0;1;0;0;0;0;0;0;0;0;0;0;0;0;1;0;0;0;0;0;0;0;0;0;0;0;0;0;0;0;0;0;0;0;0;0;0;0;0;0;0;0;0;0;0;0;0;0;0;1;0;0;1;1;1;0;0;0;0;3;2;2;2;8;8;50;7;7;7;8;3;1;2;1;2;2;1;1;1;1;30;2;2;2;3;3;2;3;2;3;2;3;4
0;0;0;0;0;0;0;0;0;0;0;1;0;1;0;0;0;0;0;0;0;0;0;0;0;0;0;0;0;0;0;0;0;0;0;0;0;0;0;0;0;0;0;0;0;0;0;0;0;0;0;0;0;0;0;0;0;0;0;0;0;0;0;0;0;0;0;0;0;0;0;0;0;0;0;0;0;0;0;0;0;0;0;0;0;0;0;0;0;0;0;0;0;0;0;0;0;3;0;0;4;0;0;40;0;0;0;0;1;1;2;1;2;2;2;1;1;1;28;2;3;3;3;3;5;5;1;5;3;5;5
1;0;1;1;0;0;1;1;0;0;0;1;0;1;0;0;0;0;0;0;0;0;0;0;1;0;0;0;0;1;0;0;0;0;1;0;0;1;0;0;1;0;0;0;0;0;0;0;0;0;0;0;0;0;0;0;0;1;1;0;0;0;0;0;0;0;0;0;0;0;0;0;0;0;0;0;0;0;0;0;0;0;0;0;0;0;0;0;0;0;0;0;0;0;0;0;0;0;0;2;3;3;0;57;8;6;6;3;3;1;2;1;2;2;1;1;1;1;30;3;2;2;4;3;4;5;3;2;3;3;5
1;0;1;1;1;1;0;1;1;1;0;1;0;1;0;0;0;0;0;0;0;0;0;0;0;1;0;0;0;1;0;0;0;0;0;0;1;0;0;0;0;0;0;0;0;0;0;0;0;0;0;0;0;0;0;0;0;0;0;0;0;0;0;0;0;0;0;0;0;0;0;0;0;0;0;0;0;0;0;0;0;0;0;0;0;0;0;0;0;0;0;1;1;1;1;1;1;0;2;2;2;8;8;40;9;7;5;8;3;1;2;1;2;2;1;1;1;1;30;5;1;1;2;2;2;2;3;3;4;3;4
1;1;0;0;0;0;0;0;0;0;0;1;1;0;0;0;0;0;0;0;0;0;0;0;0;0;0;0;0;0;0;0;0;0;0;0;0;0;0;0;0;0;0;0;0;0;0;0;0;0;0;0;0;0;0;0;0;0;0;0;0;0;0;0;0;0;0;0;0;0;0;0;0;0;0;0;0;0;0;0;0;0;0;0;0;0;0;0;0;0;0;0;0;0;0;0;0;0;0;0;4;0;0;27;0;0;0;0;1;1;2;1;2;2;1;2;1;2;30;2;3;3;5;5;5;5;1;5;5;5;5
;0;0;0;0;0;1;1;1;0;1;0;1;0;0;0;0;0;0;1;1;0;0;0;0;0;0;0;0;0;0;0;0;0;1;0;0;0;1;0;0;0;1;1;0;0;0;0;1;0;0;1;0;1;0;1;0;0;0;0;0;0;0;0;0;0;0;0;0;0;0;0;0;0;0;0;0;0;0;0;0;0;0;0;0;0;0;0;0;0;1;1;0;0;0;0;0;4;4;4;4;10;5;59;10;1;5;10;3;1;2;1;2;2;1;2;1;2;34;3;2;2;3;3;4;4;2;2;2;4;5
0;0;0;0;0;1;0;1;1;0;1;0;0;1;0;0;0;0;0;0;0;0;0;0;0;0;0;0;0;0;0;0;0;0;1;0;1;1;1;1;0;0;0;0;0;0;0;0;0;0;0;1;1;1;1;0;1;0;0;0;0;0;0;0;0;0;0;0;0;0;0;0;0;0;0;0;0;0;0;0;0;0;0;0;0;0;0;1;0;1;1;0;1;0;0;0;0;1;4;4;3;6;6;39;4;1;6;6;3;1;2;1;2;2;1;2;1;2;34;2;2;2;2;2;2;3;2;2;3;4;4
1;0;0;0;0;0;0;0;1;0;0;1;0;0;0;1;0;0;0;1;0;0;0;0;0;0;0;0;0;0;0;0;0;0;0;0;0;1;0;1;0;0;1;0;1;0;0;1;0;0;0;0;0;0;1;0;1;0;0;0;0;0;0;0;0;0;0;0;0;0;0;0;0;0;0;0;0;0;0;0;0;0;0;0;0;0;0;0;0;1;1;1;1;0;0;0;0;0;4;4;2;0;8;43;8;5;8;0;4;2;2;2;2;2;3;1;2;2;44;5;1;1;4;4;4;3;2;4;3;4;4
1;0;0;0;0;0;0;0;0;0;1;0;1;0;0;0;0;0;0;0;0;0;0;0;0;0;0;0;0;0;0;0;0;0;0;0;0;0;0;0;0;0;0;0;0;0;0;0;0;0;0;0;0;0;0;0;0;0;0;0;0;0;0;0;0;0;0;0;0;0;0;0;0;0;0;0;0;0;0;0;0;0;0;0;0;0;0;0;0;0;0;0;0;0;0;0;0;3;0;0;4;0;0;31;0;0;0;0;1;1;2;1;2;2;1;1;1;1;26;2;3;3;5;5;5;5;1;5;5;5;5
1;1;0;0;0;1;1;1;1;1;1;0;0;0;0;0;0;1;0;0;0;0;0;0;1;0;0;0;0;1;0;0;0;0;0;0;1;0;0;0;0;0;0;0;0;0;0;0;0;0;0;1;1;1;1;1;1;1;0;0;0;0;0;0;1;1;0;1;0;1;1;0;0;0;0;0;0;0;0;0;0;0;0;0;0;0;0;1;0;1;1;1;0;0;0;0;0;0;4;4;1;7;7;89;9;2;3;7;1;2;2;2;2;2;2;2;2;1;36;4;1;1;1;1;1;1;2;4;4;4;4
1;0;0;0;0;1;0;1;1;0;1;0;0;1;0;0;0;0;0;0;0;0;1;0;1;0;0;0;0;0;0;0;0;0;0;0;0;0;0;0;0;0;0;0;0;0;0;0;0;0;0;0;0;0;0;0;0;0;0;0;0;0;0;0;0;0;0;0;0;0;0;0;0;0;0;0;0;0;0;0;0;0;0;0;0;0;0;1;1;1;0;0;0;0;0;0;0;4;2;2;2;4;7;35;7;8;8;4;1;1;2;1;2;2;1;1;1;1;26;2;3;3;5;5;5;5;1;5;5;5;5
1;0;0;0;0;1;1;1;1;0;1;0;0;1;0;0;0;0;0;0;0;0;0;0;0;0;0;0;0;0;0;0;0;0;1;0;1;1;1;1;0;0;0;0;0;0;0;0;0;0;0;1;1;1;1;0;1;0;0;0;0;0;0;0;0;0;0;0;0;0;0;0;0;0;0;0;0;0;0;0;0;0;0;0;0;0;0;1;1;0;0;0;0;0;0;0;0;0;2;2;2;2;2;40;9;8;7;2;1;1;2;1;2;2;1;1;1;1;26;2;3;3;5;5;5;5;1;5;5;5;5
1;;;;;0;1;0;1;0;0;1;0;1;0;0;0;0;0;1;0;0;0;0;0;0;0;0;0;0;0;0;0;0;0;0;0;1;0;1;0;0;1;0;1;0;0;1;0;0;0;0;1;0;1;0;1;0;0;0;0;0;0;1;1;0;0;0;0;0;0;0;0;0;0;0;0;0;0;0;0;0;0;0;0;0;0;1;0;1;1;1;1;0;0;0;0;;2;2;2;0;10;57;10;6;7;0;2;2;2;2;2;2;2;2;2;2;40;3;2;2;3;3;4;4;3;3;3;3;3
1;1;0;0;;1;0;1;1;;1;0;0;1;0;0;0;0;0;0;1;0;0;0;0;0;0;0;0;0;0;0;0;0;0;0;1;0;1;1;0;0;0;0;0;0;0;0;0;0;0;1;1;0;0;0;0;0;0;0;0;0;0;1;0;0;0;0;0;0;0;0;0;0;0;0;0;0;0;0;0;0;0;0;0;0;0;0;0;0;0;0;0;0;0;0;0;0;4;4;2;6;6;61;6;5;5;6;2;2;2;2;2;2;2;2;2;1;38;2;2;3;3;3;4;3;3;3;3;3;4
0;0;0;0;0;1;0;1;0;0;1;0;0;1;0;0;0;0;0;0;0;0;1;0;0;1;0;0;0;0;0;0;0;0;0;0;0;0;0;0;0;0;0;0;0;0;0;0;0;0;0;0;0;0;0;0;0;0;0;0;0;0;0;2;2;1;1;0;0;0;0;0;0;0;0;0;0;0;0;0;0;0;0;0;0;0;0;1;0;1;1;1;1;0;0;0;0;4;3;0;1;8;0;45;9;6;8;8;3;3;2;2;2;2;2;2;2;2;44;3;1;1;2;2;3;3;4;2;3;3;3
0;0;1;0;0;0;0;1;0;0;1;0;1;0;0;0;0;0;0;0;0;0;0;0;0;0;0;0;0;1;0;0;0;0;0;0;0;0;0;0;0;0;0;0;0;0;0;0;0;0;0;0;0;0;0;0;0;0;0;0;0;0;0;1;1;0;0;0;0;0;0;0;0;0;0;0;0;0;0;0;0;0;0;0;0;0;0;0;0;0;0;0;0;0;0;0;0;0;1;1;2;2;0;30;2;0;0;2;2;2;2;2;2;2;2;2;2;2;40;2;2;2;3;3;4;4;3;3;3;3;3
0;0;1;0;0;1;1;1;1;;1;0;0;1;0;0;0;0;0;0;0;0;0;0;0;0;0;0;0;0;0;0;0;0;1;0;1;0;1;0;0;0;0;0;0;0;0;0;0;0;0;1;0;1;0;1;0;0;0;0;0;0;0;1;1;0;0;0;0;0;0;0;0;0;0;0;0;0;0;0;0;0;0;0;0;0;0;1;0;1;1;0;0;0;0;0;0;0;4;4;2;7;8;48;8;6;7;7;2;2;2;2;2;2;2;2;2;2;40;3;2;2;3;3;4;4;3;3;3;3;3
0;0;1;1;1;0;1;1;0;;0;1;0;1;0;0;0;0;0;0;0;0;0;0;0;0;0;0;0;1;0;0;0;0;0;0;0;0;0;0;0;0;0;0;0;0;0;0;0;0;0;0;0;0;0;0;0;0;0;0;0;0;0;1;1;0;0;0;0;0;0;0;0;0;0;0;0;0;0;0;0;0;0;0;0;0;0;1;0;0;0;0;0;0;0;0;0;0;4;0;2;7;0;55;7;3;7;7;2;2;2;2;2;2;2;2;2;2;40;4;2;2;3;3;4;4;3;3;3;3;3
0;0;1;0;0;1;0;1;1;;1;0;0;1;0;0;0;0;0;0;0;0;0;0;0;0;0;0;0;0;0;0;0;0;0;0;1;1;0;1;0;0;0;0;0;0;0;0;0;0;0;0;1;0;1;0;1;0;0;0;0;0;0;1;1;1;0;1;1;1;0;1;1;1;1;1;1;1;1;1;1;1;1;1;1;1;1;0;0;0;1;1;0;0;0;0;0;0;4;4;3;10;10;62;10;6;5;10;5;4;6;6;5;5;4;5;5;5;100;5;1;1;1;1;1;1;4;2;2;2;2
0;0;0;0;0;1;0;1;0;0;1;0;1;0;0;0;0;0;0;0;0;0;0;0;0;0;0;0;0;1;0;0;0;0;0;0;0;1;0;1;0;0;0;0;0;0;0;0;0;0;0;0;0;0;0;0;0;0;0;0;0;0;0;1;1;0;0;0;0;0;0;0;0;0;0;0;0;0;0;0;0;0;0;0;0;0;0;0;0;1;0;0;0;0;0;0;0;4;2;2;3;7;0;31;7;7;7;7;2;2;2;2;2;2;2;2;2;2;40;3;2;2;3;3;4;4;3;3;3;3;3
0;0;;0;0;0;0;;;;1;0;0;1;0;0;0;0;0;0;0;0;0;0;0;0;0;0;0;0;0;0;0;0;0;0;0;0;0;0;0;0;0;0;0;0;0;0;0;0;0;0;0;0;0;0;0;0;0;0;0;0;0;1;1;0;0;0;0;0;0;0;0;0;0;0;0;0;0;0;0;0;0;0;0;0;0;;;;;;;;;;;0;2;0;3;;;32;;;;;2;2;2;2;2;2;2;2;2;2;40;4;2;2;3;3;4;4;3;3;3;3;3
0;0;0;0;0;1;1;1;0;0;0;1;0;1;0;0;0;0;0;0;0;0;1;0;0;1;0;0;0;1;0;0;0;0;0;0;1;0;0;0;0;0;0;0;0;0;0;0;0;0;0;0;0;0;0;0;0;0;0;0;0;0;0;1;1;0;0;0;0;0;0;0;0;0;0;0;0;0;0;0;0;0;0;0;0;0;0;0;0;0;0;0;0;0;0;0;0;0;2;0;2;5;0;64;9;3;7;5;2;2;2;2;2;2;2;2;2;2;40;3;2;2;3;3;4;4;3;3;3;3;3
0;0;0;0;0;0;1;0;1;1;0;1;1;0;0;0;0;0;0;0;0;0;0;0;0;0;0;0;0;0;0;0;0;0;0;0;1;1;0;1;0;0;0;0;0;0;0;0;0;0;0;0;1;1;1;1;1;0;0;0;0;0;0;1;1;0;0;0;0;0;0;0;0;0;0;0;0;0;0;0;0;0;0;0;0;0;0;1;0;1;1;1;1;0;0;0;0;0;4;4;1;0;7;79;6;6;6;0;2;2;2;2;2;2;2;2;2;2;40;3;2;2;3;3;4;4;3;3;3;3;3
0;0;0;0;0;1;0;0;0;0;0;1;0;1;0;0;0;0;0;0;0;0;0;0;0;0;0;0;0;0;0;0;0;0;0;0;0;0;0;0;0;0;0;0;0;0;0;0;0;0;0;0;0;0;0;0;0;0;0;0;0;0;0;0;0;0;0;0;0;0;0;0;0;0;0;0;0;0;0;0;0;0;0;0;0;0;0;0;0;0;0;0;0;0;0;0;0;0;1;1;4;0;0;35;0;0;0;0;1;1;1;1;2;2;1;1;1;1;24;2;3;3;5;5;5;5;1;5;5;5;5
0;0;0;0;0;0;0;0;0;0;0;1;1;0;0;0;0;0;0;0;0;0;0;0;0;0;0;0;0;0;0;0;0;0;0;0;0;0;0;0;0;0;0;0;0;0;0;0;0;0;0;0;0;0;0;0;0;0;0;0;0;0;0;0;0;0;0;0;0;0;0;0;0;0;0;0;0;0;0;0;0;0;0;0;0;0;0;0;0;0;0;0;0;0;0;0;0;2;0;0;4;0;0;39;0;0;0;0;1;1;1;1;2;2;1;1;1;1;24;2;3;3;5;5;5;5;1;5;5;5;5
0;0;0;0;0;1;1;1;0;0;1;0;1;0;0;0;0;0;0;0;0;0;0;0;0;0;0;0;0;1;0;0;0;0;0;0;0;0;0;0;0;0;0;0;0;0;0;0;0;0;0;0;0;0;0;0;0;0;0;0;0;0;0;0;0;0;0;0;0;0;0;0;0;0;0;0;0;0;0;0;0;0;0;0;0;0;0;1;1;0;0;0;0;0;0;0;0;0;4;4;2;6;0;62;8;7;7;6;1;1;2;1;2;2;1;1;1;1;26;2;3;3;5;5;5;5;1;5;5;5;5
0;0;0;0;0;0;0;1;0;0;0;1;0;1;0;0;0;0;0;0;0;0;0;0;0;0;0;0;0;0;0;0;0;0;0;0;0;1;0;0;0;0;0;0;0;0;0;0;0;0;0;0;0;0;0;0;0;0;0;0;0;0;0;0;0;0;0;0;0;0;0;0;0;0;0;0;0;0;0;0;0;0;0;0;0;0;0;1;0;1;1;1;1;0;0;0;0;2;2;0;2;2;0;58;8;2;7;2;1;1;2;1;2;2;1;1;1;1;26;2;3;3;5;5;5;5;1;5;5;5;5
0;0;0;0;0;0;0;1;1;0;1;0;0;1;0;0;0;0;0;0;0;0;0;0;0;0;0;0;0;0;0;0;0;0;0;0;1;1;0;1;0;0;0;0;0;0;0;0;0;0;0;0;1;0;1;0;1;0;0;0;0;0;0;0;0;0;0;0;0;0;0;0;0;0;0;0;0;0;0;0;0;0;0;0;0;0;0;1;0;1;1;1;0;0;0;0;0;4;2;2;2;10;10;59;8;8;8;10;1;1;2;1;2;2;1;1;1;1;26;2;3;3;5;5;5;5;1;5;5;5;5
0;0;0;0;0;1;0;1;0;0;1;0;0;1;0;0;0;0;0;0;0;0;0;0;0;0;0;0;0;0;0;0;1;0;1;0;1;0;1;0;0;0;0;0;0;0;0;0;0;0;0;1;0;1;0;1;0;0;0;0;0;0;0;0;0;0;0;0;0;0;0;0;0;0;0;0;0;0;0;0;0;0;0;0;0;0;0;1;0;1;1;1;0;0;0;0;0;0;3;3;4;2;0;43;5;2;3;2;1;1;2;1;2;2;1;1;1;1;26;2;3;3;5;5;5;5;1;5;5;5;5
1;0;0;0;1;1;0;1;1;0;0;1;1;0;0;0;0;0;0;1;1;0;0;0;0;0;0;0;0;0;0;0;0;0;1;0;1;1;0;0;0;0;0;0;0;0;0;0;0;0;0;1;1;1;1;0;0;0;0;0;0;0;0;1;1;0;0;0;0;0;0;0;0;0;0;0;0;0;0;0;0;0;0;0;0;0;0;1;0;1;0;0;0;0;0;0;0;0;2;2;2;5;5;46;5;5;5;5;2;2;2;2;2;2;2;2;2;2;40;3;2;2;3;3;4;4;3;3;3;3;3
0;0;0;0;0;1;0;1;1;0;1;0;0;1;0;0;0;0;0;0;0;0;0;0;0;0;0;0;1;0;0;0;0;0;0;0;1;0;0;0;0;0;0;0;0;0;0;0;0;0;0;1;1;1;1;1;1;0;0;0;0;0;0;1;1;0;0;0;0;0;0;0;0;0;0;0;0;0;0;0;0;0;0;0;0;0;0;1;0;1;1;1;1;0;0;0;0;0;3;3;1;9;10;46;10;10;10;9;2;2;2;2;2;2;2;2;2;2;40;4;2;2;3;3;4;4;3;3;3;3;3
0;0;1;1;0;0;1;1;1;0;0;1;0;1;0;0;0;0;0;0;0;0;0;0;0;0;0;0;0;0;0;0;0;1;0;0;1;1;0;0;0;0;0;0;0;0;0;0;0;0;0;0;0;0;0;0;0;0;0;0;0;0;0;1;1;0;0;0;0;0;0;0;0;0;0;0;0;0;0;0;0;0;0;0;0;0;0;1;0;1;0;1;1;0;0;0;0;0;4;4;1;8;8;59;8;4;4;8;2;2;2;2;2;2;2;2;2;2;40;3;2;2;3;3;4;4;3;3;3;3;3
0;0;0;1;0;0;1;1;1;0;1;0;0;1;0;0;0;0;0;0;0;0;0;0;0;0;0;0;0;0;0;0;0;0;1;0;1;0;1;0;0;0;0;0;0;0;0;0;0;0;0;0;0;0;0;0;0;0;0;0;0;0;0;0;0;0;0;0;0;0;0;0;0;0;0;0;0;0;0;0;0;0;0;0;0;0;0;0;0;1;0;1;0;0;0;0;0;4;4;4;3;2;1;36;4;0;2;2;1;1;2;1;2;2;1;1;1;1;26;2;3;3;5;5;5;5;1;5;5;5;5
0;0;0;0;0;1;0;1;0;0;1;0;1;0;0;0;0;0;0;0;0;0;0;0;0;0;0;0;0;1;0;0;0;0;1;0;1;0;1;0;0;0;0;0;0;0;0;0;0;0;0;1;0;1;0;0;1;0;0;0;0;0;0;0;0;0;0;0;0;0;0;0;0;0;0;0;0;0;0;0;0;0;0;0;0;0;0;0;0;0;0;0;0;0;0;0;0;4;2;2;1;1;0;64;4;0;2;1;1;1;2;1;2;2;1;1;1;1;26;2;3;3;5;5;5;5;1;5;5;5;5
0;0;0;1;0;0;0;1;1;0;0;1;1;0;0;0;0;0;0;0;0;0;0;0;0;0;0;0;0;1;0;0;0;0;1;0;1;0;1;0;0;0;0;0;0;0;0;0;0;0;0;1;0;1;0;0;1;0;0;0;0;0;0;0;0;0;0;0;0;0;0;0;0;0;0;0;0;0;0;0;0;0;0;0;0;0;0;0;0;0;0;0;0;0;0;0;0;3;2;2;3;1;1;36;1;1;1;1;1;1;2;1;2;2;1;1;1;1;26;1;3;3;5;5;5;5;1;5;5;5;5
0;0;0;0;0;1;1;0;0;0;0;1;1;0;0;0;0;0;0;0;0;0;0;0;0;0;0;0;0;1;0;0;0;0;1;0;1;0;1;0;0;0;0;0;0;0;0;0;0;0;0;0;0;0;0;0;0;0;0;0;0;0;0;0;0;0;0;0;0;0;0;0;0;0;0;0;0;0;0;0;0;0;0;0;0;0;0;0;0;0;0;0;0;0;0;0;0;0;4;4;2;0;0;38;0;0;0;0;1;1;2;1;2;2;1;1;1;1;26;2;3;3;5;5;5;5;1;5;5;5;5
0;0;0;0;0;0;0;0;0;0;1;0;0;1;0;0;0;0;0;0;0;0;0;0;0;0;0;0;0;1;0;0;0;0;1;0;1;0;0;0;0;0;0;0;0;0;0;0;0;0;0;0;0;0;0;0;0;0;0;0;0;0;0;0;0;0;0;0;0;0;0;0;0;0;0;0;0;0;0;0;0;0;0;0;0;0;0;0;0;0;0;0;0;0;0;0;0;0;1;1;4;0;0;41;0;0;0;0;1;1;2;1;2;2;1;1;1;1;26;2;3;3;5;5;5;5;1;5;5;5;5
0;0;0;0;0;1;1;0;0;0;1;0;0;1;0;0;0;0;0;0;0;0;0;0;0;0;0;0;0;1;0;0;0;0;0;0;0;0;0;0;0;0;0;0;0;0;0;0;0;0;0;0;0;0;0;0;0;0;0;0;0;0;0;0;0;0;0;0;0;0;0;0;0;0;0;0;0;0;0;0;0;0;0;0;0;0;0;0;0;0;0;0;0;0;0;0;0;2;4;4;4;0;0;45;0;0;0;0;1;1;2;1;2;2;1;1;1;1;26;2;3;3;5;5;5;5;1;5;5;5;5
0;0;0;0;0;0;0;1;1;1;0;1;0;1;0;0;0;0;0;0;1;0;0;0;0;0;0;0;0;1;0;0;0;0;0;0;0;0;0;0;0;0;0;1;0;0;0;0;0;0;0;0;0;0;0;1;0;0;0;0;0;0;0;0;0;0;0;0;0;0;0;0;0;0;0;0;0;0;0;0;0;0;0;0;0;0;0;0;0;0;0;0;0;0;0;0;0;0;2;1;2;3;3;46;5;4;3;3;1;1;2;1;2;2;1;1;1;1;26;2;3;3;5;5;5;5;1;5;5;5;5
0;1;0;0;0;1;1;1;1;1;1;0;1;0;0;0;0;0;0;0;0;0;0;1;0;1;1;0;0;1;1;0;0;0;1;0;1;0;0;0;0;0;0;0;0;0;0;0;0;0;0;0;0;0;0;0;0;0;0;0;0;0;0;1;1;0;0;0;0;0;0;0;0;0;0;0;0;0;0;0;0;0;0;0;0;0;0;0;0;1;0;0;0;0;0;0;0;0;4;4;2;6;5;72;4;4;5;6;2;2;2;2;2;2;2;2;2;2;40;4;2;2;3;3;4;4;3;3;3;3;3
0;0;0;0;0;1;0;1;1;0;1;0;0;1;0;0;0;0;0;0;1;0;0;0;0;0;0;0;0;0;0;0;0;0;1;0;1;0;1;0;0;0;0;1;0;1;0;0;1;0;0;1;0;1;0;1;0;0;0;0;0;0;0;1;1;0;0;0;0;0;0;0;0;0;0;0;0;0;0;0;0;0;0;0;0;0;0;0;0;1;1;1;1;0;0;0;0;0;4;4;1;4;4;46;5;2;4;4;2;2;2;2;2;2;2;2;2;2;40;3;2;2;3;3;4;4;3;3;3;3;3
0;0;0;0;0;1;0;1;0;0;1;0;1;0;0;0;0;0;0;0;0;0;0;0;0;0;1;0;0;0;0;0;0;0;0;0;1;0;0;1;0;0;0;0;0;0;0;0;0;0;0;0;0;0;0;0;1;0;0;0;0;0;0;1;1;0;0;0;0;0;0;0;0;0;0;0;0;0;0;0;0;0;0;0;0;0;0;1;0;1;1;1;1;1;0;0;0;4;2;2;2;6;0;36;9;0;5;6;2;2;2;2;2;2;2;2;2;2;40;3;2;2;3;3;4;4;3;3;3;3;3
0;0;0;0;0;1;0;1;1;0;0;1;1;0;0;0;0;0;0;0;0;0;0;0;0;0;0;0;0;0;0;0;0;0;1;0;1;0;1;0;0;0;0;0;0;0;0;0;0;0;0;1;0;1;0;0;0;0;0;0;0;0;0;1;1;0;0;0;0;0;0;0;0;0;0;0;1;0;0;0;0;0;0;0;0;0;0;1;0;0;0;0;1;0;0;0;0;3;2;2;1;4;5;31;3;4;5;4;2;2;2;2;2;2;2;2;2;2;40;3;2;2;3;3;4;4;3;3;3;3;3
0;0;0;0;0;0;0;1;0;0;1;0;0;1;0;0;0;0;0;0;0;0;0;1;0;1;1;0;0;1;1;0;0;0;0;0;1;0;0;0;0;0;0;0;0;0;0;0;0;0;0;0;0;0;0;0;0;0;0;0;0;0;0;0;0;1;0;0;0;0;0;0;0;0;0;0;0;0;0;0;0;0;0;0;0;0;0;1;1;0;0;0;0;0;0;0;0;3;2;0;4;10;0;31;4;2;3;10;1;1;2;1;2;2;1;1;1;1;26;2;3;3;5;5;5;5;1;5;5;5;5
0;0;;0;0;1;1;1;0;1;1;0;0;0;1;0;0;0;0;0;0;0;0;0;0;0;0;0;0;0;0;0;0;0;0;0;0;0;0;0;0;0;0;0;0;0;0;0;0;0;0;0;0;0;0;0;0;0;0;0;0;0;0;1;1;0;0;0;0;0;0;0;0;0;0;0;0;0;0;1;0;0;0;1;0;0;0;0;0;0;0;0;0;0;0;0;0;0;2;0;2;5;0;85;6;3;3;5;2;2;2;2;2;2;2;2;2;2;40;4;2;2;3;3;4;4;3;3;3;3;3
0;0;0;0;0;0;0;1;0;0;1;0;0;1;0;0;0;0;0;0;0;0;0;0;0;0;0;0;0;0;0;0;0;0;0;0;0;0;1;0;0;0;0;0;0;0;0;0;0;1;0;1;0;0;0;0;0;0;0;0;1;0;0;1;1;0;0;0;0;1;0;0;0;0;1;0;1;0;0;0;0;0;0;0;0;0;0;0;0;0;0;0;0;0;0;0;0;2;2;0;4;1;0;34;1;1;1;1;2;2;2;2;2;2;2;2;2;2;40;4;2;2;3;3;4;4;3;3;3;3;3
0;0;0;0;0;1;0;1;0;0;1;0;1;0;0;0;0;0;1;0;0;1;1;0;0;0;0;0;0;0;0;0;0;0;0;0;0;0;0;0;0;0;0;0;0;0;0;0;0;0;0;0;0;0;0;0;0;0;0;0;0;0;0;1;1;1;1;0;0;0;0;0;0;0;0;1;0;0;0;0;0;0;0;0;0;0;0;1;1;0;1;0;0;0;0;0;0;3;4;0;1;8;0;60;9;6;6;8;2;2;2;2;2;2;2;2;2;2;40;3;2;2;3;3;4;4;3;3;3;3;3
0;0;0;0;0;1;0;1;0;0;0;1;1;0;0;0;0;0;0;0;0;0;0;0;0;0;1;0;0;0;0;0;0;0;0;0;1;0;0;1;0;0;0;0;0;0;0;0;0;0;0;0;0;0;0;0;1;0;0;0;0;0;0;0;0;0;0;0;0;0;0;0;1;0;0;0;0;0;0;0;0;0;0;0;0;1;0;0;1;0;1;0;0;0;0;0;0;3;4;4;2;6;0;40;6;6;6;6;1;1;2;1;2;2;1;1;1;1;26;2;3;3;5;5;5;5;1;5;5;5;5
0;1;0;0;0;0;1;0;0;;1;0;0;0;1;0;0;0;0;0;0;0;0;0;0;0;0;0;0;0;0;0;0;0;0;0;0;0;0;0;0;0;0;0;0;0;0;0;0;0;0;0;0;0;0;0;0;0;0;0;0;0;0;0;0;0;0;0;0;0;0;0;0;0;0;1;0;0;1;1;0;0;0;0;0;0;0;0;0;0;0;0;0;0;0;0;0;0;0;0;4;0;0;72;0;0;0;0;1;1;2;1;2;2;1;1;1;1;26;2;3;3;5;5;5;5;1;5;5;5;5
0;1;1;0;0;0;1;0;0;0;0;1;0;1;0;0;0;0;0;0;0;0;0;0;0;0;0;0;0;0;0;0;0;0;0;0;0;0;0;0;0;0;0;0;0;0;0;0;0;0;0;0;0;0;0;0;0;0;0;0;0;0;0;0;0;0;0;0;0;0;0;0;0;0;0;0;0;0;0;0;0;0;0;0;0;0;0;0;0;0;0;0;0;0;0;0;0;0;3;0;1;0;0;71;0;0;0;0;1;1;2;1;2;2;1;1;1;1;26;2;3;3;5;5;5;5;1;5;5;5;5
0;1;1;0;0;0;0;1;0;0;1;0;1;0;0;0;0;0;0;0;0;0;0;0;0;0;0;0;0;0;0;0;0;0;0;0;1;0;0;0;0;0;0;0;0;0;0;0;0;0;0;0;0;0;0;0;0;0;0;0;0;0;0;1;1;0;0;0;0;0;0;0;0;0;0;0;1;1;0;0;0;0;0;0;0;0;0;0;0;0;0;0;0;0;0;0;0;0;4;1;2;4;0;61;5;4;3;4;2;2;2;2;2;2;2;2;2;2;40;4;2;2;3;3;4;4;3;3;3;3;3
;;;;;;;;;;1;0;0;0;0;0;0;1;0;0;0;0;0;0;0;0;0;0;0;0;0;0;0;0;0;0;0;0;0;0;0;0;0;0;0;0;0;0;0;0;0;0;0;0;0;0;0;0;0;0;0;0;0;0;0;0;0;0;1;0;0;0;0;0;0;0;0;0;0;1;0;0;1;0;0;0;0;0;0;0;0;0;0;0;0;0;0;;;;;;;45;0;0;0;0;1;1;2;1;2;2;1;1;1;1;26;2;3;3;5;5;5;5;1;5;5;5;5
0;0;0;0;0;1;0;1;0;0;1;0;0;0;0;0;0;1;0;0;0;0;0;0;0;0;0;0;0;0;0;0;0;0;0;0;0;0;0;0;0;0;0;0;0;0;0;0;0;0;0;0;0;0;0;0;0;0;0;0;0;0;0;0;0;0;0;0;0;0;0;0;0;0;1;0;0;1;0;0;0;0;0;0;0;0;0;0;0;0;0;0;0;0;0;0;0;3;2;0;2;8;0;49;0;0;0;8;1;1;2;1;2;2;1;1;1;1;26;2;3;3;5;5;5;5;1;5;5;5;5
0;1;0;0;0;1;0;1;0;;1;0;1;0;0;0;0;0;0;0;0;0;0;0;0;0;0;0;0;1;0;0;0;0;0;0;1;0;0;0;0;0;0;0;0;0;0;0;0;0;0;0;0;0;0;0;0;0;0;0;0;0;0;1;1;0;0;0;0;0;0;0;0;0;0;0;0;0;1;0;0;0;1;0;0;0;0;0;0;0;0;0;0;0;0;0;0;0;4;4;2;3;0;;3;3;3;3;2;2;2;2;2;2;2;2;2;2;40;4;2;2;3;3;4;4;3;3;3;3;3
0;1;0;0;0;0;0;0;0;;1;0;1;0;0;0;0;0;0;0;0;0;0;0;0;0;0;0;0;0;0;0;0;0;0;0;0;0;0;0;0;0;0;0;0;0;0;0;0;0;0;0;0;0;0;0;0;0;0;0;0;0;0;0;0;0;0;0;0;0;0;0;0;0;0;1;0;0;0;0;0;0;0;0;0;0;0;0;0;0;0;0;0;0;0;0;0;0;0;0;4;0;0;64;0;0;0;0;1;1;2;1;2;2;1;1;1;1;26;2;3;3;5;5;5;5;1;5;5;5;5
1;0;0;0;0;1;0;1;0;0;0;1;1;0;0;0;0;0;0;0;0;0;0;0;0;0;0;0;0;1;0;0;0;0;0;0;1;0;0;0;0;0;0;0;0;0;0;0;0;0;0;0;0;0;0;0;0;0;0;0;0;0;0;0;0;0;0;0;0;0;0;0;0;0;0;0;1;0;0;0;0;0;0;0;0;0;0;0;1;1;0;0;0;0;0;0;0;3;2;0;2;6;0;29;6;5;4;6;1;1;2;1;2;2;1;1;1;1;26;2;3;3;5;5;5;5;1;5;5;5;5
0;0;0;0;0;1;1;1;1;0;1;0;1;0;0;0;0;0;0;0;0;0;0;0;0;0;0;0;0;0;0;0;0;0;0;0;0;0;0;0;0;0;0;0;0;0;0;0;0;0;0;0;0;0;0;0;0;0;0;0;0;0;0;1;1;1;1;0;0;0;0;1;0;0;0;0;0;0;0;0;0;0;0;0;0;0;0;0;1;1;0;0;0;0;1;0;0;0;4;4;2;6;6;36;6;6;6;6;2;2;2;2;2;2;2;2;2;2;40;3;2;2;3;3;4;4;3;3;3;3;3
0;0;0;0;0;1;1;1;0;0;1;0;1;0;0;0;0;0;0;0;0;0;0;0;0;0;0;0;0;1;0;1;0;1;0;0;0;1;0;0;0;0;0;0;0;0;0;0;0;0;0;0;0;0;0;0;0;0;0;0;0;0;0;1;1;0;0;0;0;0;0;0;0;0;0;0;0;0;0;0;0;0;0;0;0;0;0;0;0;0;0;0;1;0;0;0;0;0;4;0;1;6;0;51;10;0;6;6;2;2;2;2;2;2;2;2;2;2;40;4;2;2;3;3;4;4;3;3;3;3;3
0;0;0;0;0;1;0;1;1;0;1;0;0;0;1;0;0;0;0;0;0;0;0;0;0;0;0;0;0;0;0;0;0;0;0;0;0;0;0;0;0;0;0;0;0;0;0;0;0;0;0;0;0;0;0;0;0;0;0;0;0;0;0;0;0;0;0;0;0;0;0;0;0;0;0;0;0;0;0;0;0;0;0;0;0;0;0;1;0;0;1;0;1;0;0;0;0;0;4;4;2;6;6;55;8;4;3;6;1;1;2;1;2;2;1;1;1;1;26;3;3;3;5;5;5;5;1;5;5;5;5
0;0;1;1;0;1;1;1;0;0;0;1;0;0;1;0;0;0;0;0;0;0;0;0;0;0;0;0;0;0;0;0;0;0;0;0;0;0;0;0;0;0;0;0;0;0;0;0;0;0;0;0;0;0;0;0;0;0;0;0;0;0;0;0;0;0;0;0;0;0;0;0;0;0;0;0;0;0;0;0;0;0;0;0;0;0;0;1;1;0;0;0;0;0;0;0;0;0;4;0;2;4;0;55;5;1;2;4;1;1;2;1;2;2;1;1;1;1;26;4;2;3;5;5;3;5;2;5;5;5;5
0;1;0;0;0;1;0;0;0;0;1;0;0;0;0;0;0;1;0;0;0;0;0;0;0;0;0;0;0;0;0;0;0;0;0;0;0;0;0;0;0;0;0;0;0;0;0;0;0;0;0;0;0;0;0;0;0;0;0;0;0;0;0;0;0;0;0;0;0;0;0;0;0;0;0;0;0;0;0;0;0;0;0;0;0;0;0;0;0;1;0;0;0;0;0;0;0;0;0;0;0;0;0;68;0;0;0;0;1;1;2;1;2;2;1;1;1;1;26;2;3;2;4;5;5;5;1;5;5;5;5
0;0;0;0;0;1;1;1;1;0;0;1;1;0;0;0;0;0;0;0;0;0;0;0;0;0;0;0;0;0;0;0;0;0;0;0;0;0;0;0;0;0;0;0;0;0;0;0;0;0;0;0;0;0;0;0;0;0;0;0;0;0;0;1;1;1;1;1;1;1;0;1;1;1;1;1;1;1;1;1;1;1;1;1;1;1;1;1;0;0;0;1;1;0;0;0;0;0;2;2;1;10;10;37;10;10;10;10;5;4;6;6;5;5;4;5;5;5;100;5;1;1;1;1;1;1;3;2;2;2;2
0;0;0;0;0;1;1;1;0;0;0;1;1;0;0;0;0;0;0;0;0;0;0;0;0;0;0;0;0;0;0;0;0;0;0;0;0;0;0;0;0;0;0;0;0;0;0;0;0;0;0;0;0;0;0;0;0;0;0;0;0;0;0;1;1;1;0;1;1;1;0;1;1;1;1;1;1;1;1;1;1;1;1;1;1;1;1;1;1;0;0;0;0;0;0;0;0;3;4;4;3;5;0;43;5;3;2;5;5;4;6;6;5;5;4;5;5;5;100;5;1;1;1;1;1;1;4;2;2;2;2
1;0;1;0;0;1;0;0;1;0;1;0;0;1;0;0;0;0;0;0;0;0;0;0;0;0;0;0;0;0;0;0;0;0;0;0;0;0;0;0;0;0;0;0;0;0;0;0;0;0;0;0;0;0;0;0;0;0;0;0;0;0;0;0;0;0;0;0;0;0;0;0;0;0;0;0;0;0;0;0;0;0;0;0;0;0;0;0;0;0;0;0;0;0;0;0;0;4;4;2;1;0;8;59;0;0;0;0;1;1;2;1;2;2;1;1;1;1;26;1;3;3;5;5;5;5;1;5;5;5;5
0;0;0;0;1;1;1;1;1;0;1;0;1;0;0;0;0;0;0;0;0;0;0;0;0;0;0;0;0;0;0;0;0;0;1;0;1;0;1;0;0;0;0;0;0;0;0;0;0;0;0;1;0;1;0;0;0;0;0;0;0;0;0;1;1;1;0;1;1;1;0;1;1;1;1;1;1;1;1;1;1;1;1;1;1;1;1;1;1;0;0;0;1;0;0;0;0;3;3;3;1;2;7;54;4;1;1;2;5;4;6;6;5;5;4;5;5;5;100;5;1;1;2;1;3;1;4;3;2;2;2
0;0;0;0;0;1;0;1;0;0;1;0;1;0;0;0;0;0;0;0;0;0;0;0;0;0;0;0;0;0;0;0;0;0;1;0;1;0;1;0;0;0;0;0;0;0;0;0;0;0;0;1;0;1;0;0;0;0;0;0;0;0;0;1;1;1;0;1;1;1;0;1;1;1;1;1;1;1;1;1;1;1;1;1;1;1;1;1;1;0;1;0;0;0;0;0;0;3;4;0;4;7;0;34;10;5;5;7;5;4;6;6;5;5;4;5;5;5;100;5;1;1;1;1;1;2;4;2;2;2;2
0;0;0;0;0;1;1;1;1;0;1;0;1;0;0;0;0;0;0;0;1;0;0;0;0;0;0;0;0;0;0;0;0;0;1;0;1;0;1;0;0;0;0;1;0;1;0;0;0;0;0;1;0;1;0;1;0;0;0;0;0;0;0;1;1;1;0;1;1;1;0;1;1;1;1;1;1;1;1;1;1;1;1;1;1;1;1;0;0;0;0;0;0;0;0;0;0;0;4;4;3;4;4;70;6;4;6;4;5;4;6;6;5;5;4;5;5;5;100;5;1;1;1;2;1;1;3;2;2;2;2
0;0;0;0;0;1;0;1;1;0;1;0;1;0;0;0;0;0;0;0;1;0;0;0;0;0;0;0;0;0;0;0;0;0;1;0;1;0;1;0;0;0;0;1;0;1;0;0;0;0;0;1;0;1;0;1;0;0;0;0;0;0;0;1;1;1;0;1;1;1;0;1;1;1;1;1;1;1;1;1;1;1;1;1;1;1;1;1;0;0;0;0;1;0;0;0;0;0;4;4;3;7;5;38;6;6;6;7;5;4;6;6;5;5;4;5;5;5;100;5;1;1;1;1;1;1;4;2;2;2;2
0;0;0;0;0;;;;;;0;1;1;0;0;0;0;0;0;0;0;0;0;0;0;0;0;0;0;0;0;0;0;0;0;0;0;0;0;0;0;0;0;0;0;0;0;0;0;0;0;0;0;0;0;0;0;0;0;0;0;0;0;0;0;0;0;0;0;0;0;0;0;0;0;0;0;0;0;0;0;0;0;0;0;0;0;1;1;0;1;0;0;0;0;0;0;0;;;;;;68;0;0;0;0;1;1;2;1;2;2;1;1;1;1;26;2;3;3;5;5;5;5;1;5;5;5;5
1;0;0;0;0;1;0;1;1;0;1;0;0;0;0;0;0;1;0;0;0;0;0;0;0;0;0;0;0;0;0;0;0;0;1;0;1;0;1;0;0;0;0;0;0;0;0;0;0;0;0;1;0;1;0;0;0;0;0;0;0;0;0;1;1;1;0;1;1;1;0;1;1;1;1;1;1;1;1;1;1;1;1;1;1;1;1;0;0;0;0;0;0;0;0;0;0;4;4;4;2;10;9;58;10;10;10;10;5;4;6;6;5;5;4;5;5;5;100;5;1;1;1;1;1;1;4;2;2;2;2
1;0;0;0;0;1;;1;1;0;0;1;0;0;1;0;0;0;0;0;0;0;0;0;0;0;0;0;0;0;0;0;0;0;1;0;1;0;1;0;0;0;0;0;0;0;0;0;0;0;0;1;0;1;0;0;0;0;0;0;0;0;0;0;0;0;0;0;0;0;0;0;0;0;0;0;0;0;0;0;0;0;0;0;0;0;0;1;0;0;0;0;1;0;0;0;0;1;4;4;2;8;8;63;7;3;4;8;1;1;1;1;1;1;1;1;1;1;20;4;2;2;2;3;3;3;2;4;4;4;4
0;0;0;0;0;1;0;0;0;0;1;0;0;1;0;0;0;0;0;0;0;0;0;0;0;0;0;0;0;0;0;0;0;0;0;0;0;0;0;0;0;0;0;0;0;0;0;0;0;0;0;0;0;0;0;0;0;0;0;0;0;0;0;0;0;0;0;0;0;0;0;0;0;0;0;0;0;0;0;0;0;0;0;0;0;0;0;1;1;0;0;0;0;0;0;0;0;2;4;4;4;0;0;30;0;0;0;0;1;1;2;1;2;2;1;1;1;1;26;2;3;3;5;5;5;5;1;5;5;5;5
0;0;0;0;1;1;1;1;1;0;0;1;1;0;0;0;0;0;0;0;0;0;0;0;0;0;0;0;0;0;0;0;0;0;1;0;1;0;1;0;0;0;0;0;0;0;0;0;0;0;0;1;0;1;0;1;0;0;0;0;0;0;0;0;0;0;0;0;0;0;0;0;0;0;0;0;0;0;0;0;0;0;0;0;0;0;0;0;0;0;0;0;0;0;0;0;0;4;4;4;2;7;10;52;7;4;5;7;1;1;1;1;1;1;1;1;1;1;20;4;2;2;2;3;3;3;2;4;4;4;4
0;0;0;0;0;1;0;0;1;0;1;0;0;1;0;0;0;0;0;0;0;0;0;0;0;0;0;0;0;0;0;0;0;0;1;0;1;0;1;0;0;0;0;0;0;0;0;0;0;0;0;1;0;1;0;1;0;0;0;0;0;0;0;0;0;0;0;0;0;0;0;0;0;0;0;0;0;0;0;0;0;0;0;0;0;0;0;;0;0;0;0;;0;0;0;0;1;3;3;2;0;3;53;0;0;0;0;1;1;1;1;1;1;1;1;1;1;20;4;2;2;2;3;3;3;2;4;4;4;4
0;0;1;0;0;1;0;1;1;0;1;0;1;0;0;0;0;0;0;0;0;0;0;0;0;0;0;0;0;0;0;0;0;0;1;0;1;0;1;0;0;0;0;0;0;0;0;0;0;0;0;1;0;1;0;1;0;0;0;0;0;0;0;0;0;0;0;0;0;0;0;0;0;0;0;0;0;0;0;0;0;0;0;0;0;0;0;1;1;0;0;0;0;0;0;0;0;3;4;4;2;10;8;45;10;9;8;10;1;1;1;1;1;1;1;1;1;1;20;4;2;2;2;3;3;3;2;4;4;4;4
0;1;0;0;0;1;1;;;1;1;0;0;1;0;0;0;0;0;0;0;0;0;0;0;0;0;0;0;0;0;0;0;0;1;0;1;0;1;0;0;0;0;0;0;0;0;0;0;0;0;1;0;1;0;1;0;0;0;0;0;0;0;0;0;0;0;0;0;0;0;0;0;0;0;1;0;0;0;0;0;0;0;0;0;0;0;0;0;0;0;0;0;0;0;0;0;2;4;4;1;;;79;0;0;0;0;2;2;2;2;2;1;2;1;1;1;32;4;2;2;2;3;3;3;2;4;4;4;4
0;1;0;1;0;1;0;1;1;;1;0;1;0;0;0;0;0;0;0;1;0;0;0;0;0;0;0;0;0;0;0;0;0;1;0;1;0;1;0;0;0;0;1;0;0;0;0;0;0;0;1;0;1;0;1;0;0;0;0;0;0;0;0;0;0;0;0;0;0;0;0;0;0;0;0;0;0;0;0;0;1;0;0;0;0;0;1;1;1;1;0;1;0;0;0;0;0;3;3;1;8;6;39;7;7;7;8;2;2;2;2;2;1;2;1;1;2;34;4;2;2;2;3;3;3;2;4;4;4;4
0;0;0;0;0;;;;;;0;1;0;1;0;0;0;0;0;0;0;0;0;0;0;0;0;0;0;0;0;0;0;0;0;0;0;0;0;0;0;0;0;0;0;0;0;0;0;0;0;0;0;0;0;0;0;0;0;0;0;0;0;0;0;1;1;1;1;0;0;0;0;0;0;0;0;0;0;0;0;0;0;0;1;0;0;1;1;0;0;0;0;0;0;0;0;3;;;;;;24;0;0;0;0;2;2;2;2;2;2;2;1;1;2;36;2;3;3;5;5;5;5;1;5;5;5;5
1;1;0;0;0;1;0;1;0;;1;0;0;0;0;0;0;1;0;0;1;0;0;0;0;0;0;0;0;0;0;0;0;0;1;0;1;0;1;0;0;0;0;1;0;1;0;0;0;0;0;1;0;1;0;1;0;0;0;0;0;0;0;0;0;1;1;1;1;0;0;0;0;0;0;0;0;0;1;0;0;0;0;0;0;0;0;0;0;0;0;0;0;0;0;0;0;0;4;0;1;7;0;81;9;4;7;7;2;2;2;2;2;1;2;1;1;2;34;4;2;2;2;3;3;3;2;4;4;4;4
0;1;0;0;0;1;1;1;1;1;1;0;0;0;0;0;0;1;0;0;1;0;0;0;0;0;0;0;0;0;0;0;0;0;1;0;1;0;1;0;0;0;0;1;0;1;0;0;0;0;0;1;0;1;0;1;0;0;0;0;0;0;0;0;0;1;1;1;1;0;0;0;0;0;0;0;0;0;0;0;0;0;0;0;0;0;0;1;1;1;1;0;1;0;0;0;0;0;4;4;1;10;10;65;10;10;10;10;2;2;2;2;2;1;2;1;1;2;34;4;2;2;2;3;3;3;2;4;4;4;4
1;0;0;0;0;1;0;1;0;0;1;0;1;0;0;0;0;0;0;0;0;0;0;0;0;0;0;0;0;1;0;0;0;0;0;0;0;0;0;0;0;0;0;0;0;0;0;0;0;0;0;0;0;0;0;0;0;0;0;0;0;0;0;0;0;1;1;1;1;0;0;0;0;0;0;0;0;0;0;0;0;0;0;0;0;0;0;0;0;0;0;0;0;0;0;0;0;3;4;4;4;3;0;49;6;2;3;3;1;1;1;1;1;1;1;1;1;1;20;4;2;2;2;3;3;3;2;4;4;4;4
0;1;0;0;0;1;1;1;1;0;1;0;0;0;1;0;0;0;0;0;1;0;0;0;0;0;0;0;0;0;0;0;0;0;1;0;1;0;1;0;0;0;0;1;0;1;0;0;0;0;0;1;0;1;0;1;0;0;0;0;0;0;0;0;0;1;1;1;1;0;0;0;0;0;0;0;0;0;0;0;0;0;0;0;1;0;0;0;1;1;0;0;1;0;0;0;0;2;2;2;1;8;8;77;8;8;8;8;2;1;1;1;1;1;1;1;1;1;22;4;2;2;2;2;3;2;2;3;4;4;4
0;0;0;0;0;1;1;1;1;0;0;1;1;0;0;0;0;0;0;0;1;0;0;0;0;0;0;0;0;0;0;0;0;0;1;0;1;0;1;0;0;0;0;1;0;1;0;0;0;0;0;1;0;1;0;1;0;0;0;0;0;0;0;0;0;1;1;1;1;0;0;0;0;1;0;0;0;0;0;0;0;0;0;0;0;0;0;1;;0;1;1;0;0;0;0;0;3;4;4;3;8;7;65;8;8;8;8;2;2;2;2;2;1;1;1;2;1;32;4;2;2;4;3;3;3;3;4;4;4;4
0;0;1;0;0;1;0;1;1;1;0;1;1;0;0;0;0;0;0;0;1;0;0;0;0;0;0;0;0;0;0;0;0;0;1;0;1;0;1;0;0;0;0;1;0;1;0;0;0;0;0;1;0;1;0;1;0;0;0;0;0;0;0;0;0;1;1;1;1;0;0;0;0;0;1;1;0;0;0;0;0;0;0;0;0;0;0;0;0;0;0;0;0;0;0;0;0;0;4;4;1;10;8;41;10;10;10;10;2;2;2;2;2;1;2;1;2;1;34;4;2;2;2;3;3;3;2;4;4;4;4
0;0;0;0;0;1;1;1;0;0;1;0;1;0;0;0;0;0;0;0;0;0;0;0;0;0;0;0;0;0;0;0;0;0;0;0;1;0;0;0;0;0;0;0;0;0;0;0;0;0;0;0;0;0;0;0;0;0;0;0;0;0;0;0;0;1;1;1;1;0;0;0;0;0;0;0;0;0;0;1;0;0;0;0;0;0;0;1;1;1;1;1;1;0;0;0;0;4;4;0;2;10;0;54;10;10;10;10;2;2;2;2;2;1;2;1;2;1;34;4;2;2;3;2;3;4;3;4;4;4;4
1;0;0;0;0;1;0;1;1;0;0;1;1;0;0;0;0;0;0;0;1;0;0;0;0;0;0;0;0;0;0;0;0;0;1;0;1;0;1;0;0;0;0;1;0;1;0;0;0;0;0;1;0;1;0;1;0;0;0;0;0;0;0;0;0;0;0;0;0;0;0;0;0;0;0;0;0;0;0;0;0;0;0;0;0;0;0;1;1;1;1;0;0;0;0;0;0;4;2;2;2;8;9;57;10;4;6;8;1;1;1;1;2;1;2;2;2;1;28;4;2;2;2;3;2;3;2;4;3;4;4
0;1;0;0;0;1;1;1;1;1;0;1;1;0;0;0;0;0;0;0;1;0;0;0;0;0;0;0;0;0;0;0;0;0;1;0;1;0;1;0;0;0;0;1;0;1;0;0;0;0;0;1;0;1;0;1;0;0;0;0;0;0;0;1;1;1;1;1;0;0;0;0;0;0;0;0;0;0;0;0;0;0;0;1;0;0;0;0;0;0;0;0;0;0;0;0;0;0;1;0;;4;5;73;5;1;5;4;2;1;1;1;1;2;2;2;2;2;32;4;2;2;4;3;3;3;2;4;4;4;4
0;0;0;0;0;1;1;0;0;;1;0;1;0;0;0;0;0;0;0;0;0;0;0;0;0;0;0;0;0;0;0;0;0;0;0;0;0;0;0;0;0;0;0;0;0;0;0;0;0;0;0;0;0;0;0;0;0;0;0;0;0;0;1;1;1;1;1;0;0;0;0;0;0;0;0;0;0;0;1;0;0;0;0;0;0;0;0;0;0;0;0;0;0;0;0;0;0;0;0;4;0;0;64;0;0;0;0;1;1;2;1;2;2;1;2;1;2;30;2;3;3;5;5;5;5;1;5;5;5;5
0;1;0;0;0;1;0;1;1;1;1;0;1;0;0;0;0;0;0;0;1;0;0;0;0;0;0;0;0;0;0;0;0;0;1;0;1;0;1;0;0;0;0;1;0;1;0;0;1;0;0;1;0;1;0;1;0;0;0;0;0;0;0;1;1;1;1;1;0;0;0;0;0;0;0;0;0;0;0;0;0;0;0;1;0;0;0;1;0;0;0;0;1;0;0;0;0;0;4;0;2;8;8;52;9;4;7;8;2;2;2;2;2;2;1;2;1;2;36;4;2;2;2;3;3;3;2;4;4;4;4
0;1;1;0;0;1;0;1;0;0;0;1;1;0;0;0;0;0;0;0;0;0;0;0;0;0;0;0;0;0;0;0;0;0;1;0;1;0;0;0;0;0;1;0;0;0;0;0;0;0;0;0;0;0;0;0;0;0;0;0;0;0;0;1;1;1;1;1;0;0;0;0;0;0;0;0;1;0;0;0;0;0;0;0;0;0;0;1;1;0;0;0;0;0;0;0;0;1;4;4;0;3;0;42;5;3;2;3;2;2;2;2;2;2;1;2;1;2;36;4;2;2;2;3;3;3;2;4;4;4;4
0;0;0;0;0;0;0;1;0;0;1;0;0;1;0;0;0;0;0;0;0;0;0;0;0;0;0;0;0;1;0;0;0;0;0;0;0;0;0;0;0;0;0;0;0;0;0;0;0;0;0;0;0;0;0;0;0;0;0;0;0;0;0;0;0;0;0;0;0;0;0;0;0;1;0;0;0;0;0;0;0;0;0;0;0;0;0;0;0;0;0;0;0;0;0;0;0;0;2;0;3;8;0;22;10;2;5;8;1;1;1;1;1;2;1;2;1;2;26;4;2;2;2;3;3;3;2;4;4;4;4
0;0;1;0;0;1;1;1;0;0;0;1;1;0;0;0;0;0;0;0;0;0;0;0;0;0;0;0;0;0;0;0;0;0;0;0;1;0;0;0;0;0;0;0;0;0;0;0;0;0;0;0;0;0;0;0;0;0;0;0;0;0;0;0;0;0;0;0;0;0;0;0;0;0;0;0;0;0;0;0;1;0;0;0;0;0;0;1;0;0;0;0;1;0;0;0;0;3;2;2;2;7;0;51;9;6;7;7;2;1;1;1;1;1;1;2;1;2;26;4;2;2;2;3;3;3;2;4;4;4;4
0;0;0;0;0;1;0;0;0;0;0;1;1;0;0;0;0;0;0;0;0;0;0;0;0;0;0;0;0;0;0;0;0;0;0;0;0;0;0;0;0;0;0;0;0;0;0;0;0;0;0;0;0;0;0;0;0;0;0;0;0;0;0;0;0;0;0;0;0;0;0;0;0;0;0;0;0;0;0;0;0;0;0;0;0;0;0;1;1;0;0;0;0;0;0;0;0;3;4;4;2;0;0;42;0;0;0;0;1;1;2;1;2;2;1;1;1;1;26;2;3;3;5;5;5;5;1;5;5;5;5
0;0;0;0;0;0;1;0;0;0;1;0;1;0;0;0;0;0;0;0;0;0;0;0;0;0;0;0;0;0;0;0;0;0;0;0;0;0;0;0;0;0;0;0;0;0;0;0;0;0;0;0;0;0;0;0;0;0;0;0;0;0;0;0;0;0;0;0;0;0;0;0;0;0;0;0;0;0;0;0;0;0;0;0;0;0;0;0;0;0;0;0;0;0;0;0;0;3;2;2;4;0;0;48;0;0;0;0;1;1;2;1;2;2;1;1;1;1;26;1;3;3;5;5;5;5;1;5;5;5;5
